imv_full,imv_mean,imv_sd,estmethod,attribute,modeltype,rep
0.036178288390348576,0.04198655758421329,0.007125117960954004,MAP,linear,DINA,1
0.03899112853420821,0.058569641207743627,0.008732789113013527,mp,linear,DINA,1
NA,NA,NA,MAP,linear,DINA,2
NA,NA,NA,mp,linear,DINA,2
NA,NA,NA,MAP,linear,DINA,3
NA,NA,NA,mp,linear,DINA,3
0.03181633905535934,0.03365608317671653,0.00884017502137024,MAP,linear,DINA,4
0.03436164597228705,0.04528790445949813,0.010147025525511428,mp,linear,DINA,4
0.028852823570629852,0.035316951802114006,0.0037154229655992394,MAP,linear,DINA,5
0.030555996727602976,0.04515167547960336,0.0044329837491584026,mp,linear,DINA,5
0.035382897284427804,0.04594881437913584,0.0120613095292561,MAP,linear,DINA,6
0.03737888738622452,0.05516282281457781,0.007891929689464405,mp,linear,DINA,6
NA,NA,NA,MAP,linear,DINA,7
NA,NA,NA,mp,linear,DINA,7
0.033747585640507075,0.04469634245473719,0.010950112996187537,MAP,linear,DINA,8
0.035841541529261646,0.05137321042958516,0.0029516362211289525,mp,linear,DINA,8
0.027103508768490953,0.03600093670472151,0.0052534636100717074,MAP,linear,DINA,9
0.03017432109318903,0.0435714549095094,0.00555585891417419,mp,linear,DINA,9
0.03369379901318632,0.04293597702682074,0.007874560371059571,MAP,linear,DINA,10
0.03603390662727767,0.05109622174457082,0.003481834509564424,mp,linear,DINA,10
0.14827525250237766,0.10630609574407549,0.024859152144523163,MAP,independent,DINA,1
0.15504323635660092,0.15488704482206264,0.017788182458185503,mp,independent,DINA,1
0.1366913234426296,0.10108131461312866,0.009703420997182683,MAP,independent,DINA,2
0.1431857303564801,0.14420714376639399,0.008903854513076142,mp,independent,DINA,2
0.13502287689274375,0.11307531227890627,0.009514665561582775,MAP,independent,DINA,3
NA,NA,NA,mp,independent,DINA,3
0.14006867147026691,0.11904101952137318,0.010093033399745783,MAP,independent,DINA,4
0.1470849222768759,0.14783688237764078,0.006320831218035167,mp,independent,DINA,4
0.1259229468633252,0.09249994127905137,0.009274827061442299,MAP,independent,DINA,5
0.13305235904310145,0.1205314197085373,0.0038223786644065324,mp,independent,DINA,5
0.13946768048448746,0.10666280272398049,0.013828756292980627,MAP,independent,DINA,6
0.14513364273656798,0.14785416020870124,0.018398025264605294,mp,independent,DINA,6
0.13739822689225412,0.10398422437819577,0.025965373541302662,MAP,independent,DINA,7
0.14767352791310676,0.1421310576416515,0.0073417819576723975,mp,independent,DINA,7
NA,NA,NA,MAP,independent,DINA,8
NA,NA,NA,mp,independent,DINA,8
0.14709785408004075,0.12171945566106109,0.015148290400089878,MAP,independent,DINA,9
0.1543552242599533,0.1521944871578499,0.006238028314550968,mp,independent,DINA,9
0.11491085976186681,0.03754279654551275,0.017946059200987536,MAP,independent,DINA,10
0.11964841876445433,0.10480089316260803,0.009213052424971219,mp,independent,DINA,10
0.07167763186563325,0.05704780504343891,0.015632536365281804,MAP,mvnorm,DINA,1
0.07751575630548832,0.08009164240602529,0.0043929396240376594,mp,mvnorm,DINA,1
0.06640787162855069,0.051587480533563594,0.0069774892182708475,MAP,mvnorm,DINA,2
0.07210658479843475,0.07210059898143331,0.009447007465812722,mp,mvnorm,DINA,2
0.06254158876154911,0.047332026406745276,0.006399565401571794,MAP,mvnorm,DINA,3
0.0669938306749403,0.06974596020628897,0.0035493217121529514,mp,mvnorm,DINA,3
0.05976814807156841,0.044402912126129436,0.0043141404682743,MAP,mvnorm,DINA,4
0.06307880004708115,0.06699276077758039,0.00689309648494199,mp,mvnorm,DINA,4
0.0723495913936605,0.06925529842953806,0.004949812645824554,MAP,mvnorm,DINA,5
0.07723654943226707,0.08699664170398823,0.004699900081275618,mp,mvnorm,DINA,5
0.08094952353006543,0.07352297899836703,0.009613956936846227,MAP,mvnorm,DINA,6
0.08432656917141239,0.09129450650142978,0.00927755497801971,mp,mvnorm,DINA,6
0.06450688889372813,0.04897942158662072,0.00374200898878248,MAP,mvnorm,DINA,7
0.06949059125065774,0.07259438722581356,0.006740347306289916,mp,mvnorm,DINA,7
0.06822559647765403,0.047440564402187024,0.010994602121064087,MAP,mvnorm,DINA,8
0.07404728955340095,0.0683781089140952,0.004368603845038755,mp,mvnorm,DINA,8
0.0659243233690279,0.0487401865768146,0.011220982705263794,MAP,mvnorm,DINA,9
0.07023428471344943,0.0728081643057818,0.005646041412030368,mp,mvnorm,DINA,9
0.06243407935651517,0.037585203249011455,0.013115519970664668,MAP,mvnorm,DINA,10
0.06823748071704971,0.06270507474008086,0.007187434035138374,mp,mvnorm,DINA,10
0.08373798871277476,0.057955628720672135,0.016389132266173088,MAP,higher.order,DINA,1
0.08875899202220683,0.08927165107623404,0.008716189119621036,mp,higher.order,DINA,1
NA,NA,NA,MAP,higher.order,DINA,2
NA,NA,NA,mp,higher.order,DINA,2
0.09256884177245168,0.06984015514792931,0.006340471521301413,MAP,higher.order,DINA,3
0.09693884863019318,0.09695067414522389,0.006858361761648455,mp,higher.order,DINA,3
0.08646583927587888,0.05763528462357511,0.01476588203787773,MAP,higher.order,DINA,4
0.09278700688480575,0.08793831972101432,0.007086715314973268,mp,higher.order,DINA,4
0.07962517230913402,0.042716897747307823,0.01432952862765991,MAP,higher.order,DINA,5
0.08515490816534461,0.08112144925228824,0.005201502959412155,mp,higher.order,DINA,5
0.07928725149560346,0.054317190600856186,0.008578672096957566,MAP,higher.order,DINA,6
0.08393450798209241,0.08303333033189711,0.004520394572169252,mp,higher.order,DINA,6
0.07865334297816196,0.06445986660378093,0.006463927884381267,MAP,higher.order,DINA,7
0.08316244076820493,0.08550057679322948,0.009748219487365713,mp,higher.order,DINA,7
0.07580718618662731,0.06043584755230981,0.01273744230057312,MAP,higher.order,DINA,8
0.08022814933937625,0.08051458065477134,0.005893764157094293,mp,higher.order,DINA,8
0.08823916696143894,0.059215809015988795,0.011020602308802415,MAP,higher.order,DINA,9
0.09302770055063661,0.10030357469102448,0.005304567066816265,mp,higher.order,DINA,9
0.07863170546331232,0.04116823824638181,0.008360161519837863,MAP,higher.order,DINA,10
0.08489902109134137,0.07553258637837446,0.005058024748503185,mp,higher.order,DINA,10
0.04318327355415435,0.05242291160300733,0.006251753179238247,MAP,converg,DINA,1
0.04448672150392986,0.06249658389319141,0.0030906760148294776,mp,converg,DINA,1
0.05076302784470762,0.059263080438894895,0.004769534100166526,MAP,converg,DINA,2
0.05366773402525835,0.06859530534189953,0.0032263242696240146,mp,converg,DINA,2
0.048559143388335904,0.056394705314821054,0.007000908559036758,MAP,converg,DINA,3
0.05206202102847759,0.06616932307682162,0.008176748353389055,mp,converg,DINA,3
0.041601237052798445,0.03990780692639122,0.00855664723285347,MAP,converg,DINA,4
0.04559778239163239,0.05211897048976794,0.004023688906241302,mp,converg,DINA,4
0.044269273819489696,0.047123128019903225,0.010430177996145725,MAP,converg,DINA,5
0.048154493576425234,0.05791887198842004,0.0037719233372080175,mp,converg,DINA,5
0.05139193998982584,0.05463251209618751,0.015242253302817225,MAP,converg,DINA,6
0.054516401673515125,0.06982349560230078,0.005364044039612281,mp,converg,DINA,6
0.048478091618127196,0.054840557876787786,0.00942546994022987,MAP,converg,DINA,7
0.052424093775278506,0.06493962015243412,0.012459385062127364,mp,converg,DINA,7
NA,NA,NA,MAP,converg,DINA,8
NA,NA,NA,mp,converg,DINA,8
NA,NA,NA,MAP,converg,DINA,9
NA,NA,NA,mp,converg,DINA,9
0.04507816707359995,0.05051600072677189,0.009494816255263473,MAP,converg,DINA,10
0.04733337098275508,0.05774753815478202,0.003831603158313476,mp,converg,DINA,10
0.07182425400297408,0.07435916350083958,0.01488079116330017,MAP,diverg,DINA,1
0.07618536330392549,0.09326763501164137,0.013296651857836916,mp,diverg,DINA,1
NA,NA,NA,MAP,diverg,DINA,2
NA,NA,NA,mp,diverg,DINA,2
0.0897469943466397,0.0983684668105826,0.010169189907996848,MAP,diverg,DINA,3
0.0923085608703749,0.11262206433053541,0.006875961706649494,mp,diverg,DINA,3
0.07418149032193239,0.08012180283906908,0.011195438622710474,MAP,diverg,DINA,4
0.07922686844312116,0.09013704227593129,0.0060361147668116935,mp,diverg,DINA,4
0.08291407214322832,0.07731928375900694,0.006145940194672643,MAP,diverg,DINA,5
0.0871403381644434,0.09786550522140797,0.00810039378738444,mp,diverg,DINA,5
0.0733042285513962,0.20336560918801078,0.27557569761836465,MAP,diverg,DINA,6
0.07585602368440413,0.2172058253679495,0.2906040090961619,mp,diverg,DINA,6
0.06840168337382346,0.06366935489271297,0.01465135025018799,MAP,diverg,DINA,7
0.07140573854615159,0.08277247958004258,0.011110168455355016,mp,diverg,DINA,7
0.07093533909409919,0.07540447444168585,0.005475322175470353,MAP,diverg,DINA,8
0.07529493917008023,0.08569380036325958,0.004003192100608685,mp,diverg,DINA,8
0.07468331161146177,0.06762886400794954,0.014348305295904636,MAP,diverg,DINA,9
0.07882822546651452,0.08899211312214048,0.006210858406416503,mp,diverg,DINA,9
0.07438995927524293,0.07753664592670773,0.019831276940665662,MAP,diverg,DINA,10
0.07773547857225012,0.0905839197599409,0.013154418149762651,mp,diverg,DINA,10
0.13852823925741267,0.14043675823309418,0.015910200199496884,MAP,unstructured,DINA,1
0.14427887123863106,0.15952914290709985,0.006737362304575746,mp,unstructured,DINA,1
0.13299659606323508,0.13871837680012988,0.010787625227245108,MAP,unstructured,DINA,2
0.1378095225029853,0.15757759268574192,0.016245396647620505,mp,unstructured,DINA,2
0.12256389745217953,0.12086761011253613,0.009705409516665545,MAP,unstructured,DINA,3
NA,NA,NA,mp,unstructured,DINA,3
0.11577105426522036,0.11876399065211876,0.013232658185057923,MAP,unstructured,DINA,4
0.12051225385275838,0.13601104854258494,0.009287879308595776,mp,unstructured,DINA,4
0.11803452537245814,0.11272519025895998,0.014486852850604463,MAP,unstructured,DINA,5
0.1229215207035666,0.13623281037884302,0.005229451315845027,mp,unstructured,DINA,5
0.12110303838274938,0.1101703849883204,0.012523482081091742,MAP,unstructured,DINA,6
0.12611706620889707,0.13817343197887003,0.01263360170161329,mp,unstructured,DINA,6
NA,NA,NA,MAP,unstructured,DINA,7
NA,NA,NA,mp,unstructured,DINA,7
0.13481597679465485,0.13104732249271142,0.008425918304520922,MAP,unstructured,DINA,8
0.14034323898747664,0.15376746544984432,0.006348616663675989,mp,unstructured,DINA,8
0.10788877833873145,0.08599637342317915,0.008546287844187565,MAP,unstructured,DINA,9
0.1145808536730384,0.11418365505945867,0.014978863170651268,mp,unstructured,DINA,9
NA,NA,NA,MAP,unstructured,DINA,10
NA,NA,NA,mp,unstructured,DINA,10
